id	category	name	provided_by
PMC:10085542	biolink:Publication	PMC10085542	infores:organoid-protocol-atlas
CHEBI:5931	biolink:SmallMolecule	insulin human	infores:organoid-protocol-atlas
NCBIGene:100525086	biolink:Gene	FGF10	infores:organoid-protocol-atlas
CHEBI:17154	biolink:SmallMolecule	Nicotinamide	infores:organoid-protocol-atlas
PUBCHEM.COMPOUND:56841751	biolink:SmallMolecule	Epidermal Growth Factor	infores:organoid-protocol-atlas
NCBIGene:1950	biolink:Gene	EGF	infores:organoid-protocol-atlas
NCBIGene:443306	biolink:Gene	FGF2	infores:organoid-protocol-atlas
CHEBI:17650	biolink:SmallMolecule	Hydrocortisone	infores:organoid-protocol-atlas
CHEBI:22652	biolink:SmallMolecule	Ascorbic acid	infores:organoid-protocol-atlas
PMC:10094119	biolink:Publication	PMC10094119	infores:organoid-protocol-atlas
NCBIGene:100641115	biolink:Gene	Wnt	infores:organoid-protocol-atlas
NCBIGene:118152209	biolink:Gene	FGF2	infores:organoid-protocol-atlas
NCBIGene:397157	biolink:Gene	VEGFA	infores:organoid-protocol-atlas
CHEBI:91091	biolink:SmallMolecule	CHIR 99021	infores:organoid-protocol-atlas
NCBIGene:100113425	biolink:Gene	BMP4	infores:organoid-protocol-atlas
CHEBI:81351	biolink:ChemicalEntity	Activin A	infores:organoid-protocol-atlas
CHEBI:65329	biolink:SmallMolecule	LY-294002	infores:organoid-protocol-atlas
CHEBI:125649	biolink:SmallMolecule	IWP-2	infores:organoid-protocol-atlas
NCBIGene:8243199	biolink:Gene	RA	infores:organoid-protocol-atlas
PMC:10179392	biolink:Publication	PMC10179392	infores:organoid-protocol-atlas
CHEBI:26536	biolink:SmallMolecule	retinoic acid	infores:organoid-protocol-atlas
NCBIGene:582058	biolink:Gene	FGF	infores:organoid-protocol-atlas
NCBIGene:113204831	biolink:Gene	LOC113204831	infores:organoid-protocol-atlas
NCBIGene:100616083	biolink:Gene	Notch	infores:organoid-protocol-atlas
NCBIGene:176286	biolink:Gene	glp-1	infores:organoid-protocol-atlas
NCBIGene:100313715	biolink:Gene	LOC100313715	infores:organoid-protocol-atlas
PMC:10192887	biolink:Publication	PMC10192887	infores:organoid-protocol-atlas
NCBIGene:482208	biolink:Gene	WNT3A	infores:organoid-protocol-atlas
NCBIGene:778701	biolink:Gene	noggin	infores:organoid-protocol-atlas
NCBIGene:100622113	biolink:Gene	RSPO1	infores:organoid-protocol-atlas
PMC:10216466	biolink:Publication	PMC10216466	infores:organoid-protocol-atlas
NCBIGene:100136118	biolink:Gene	vegf	infores:organoid-protocol-atlas
CHEBI:75393	biolink:SmallMolecule	Y-27632	infores:organoid-protocol-atlas
PUBCHEM.COMPOUND:44288444	biolink:SmallMolecule	GASTRIN	infores:organoid-protocol-atlas
PMC:10307727	biolink:Publication	PMC10307727	infores:organoid-protocol-atlas
NCBIGene:40100836	biolink:Gene	g418	infores:organoid-protocol-atlas
CHEBI:16976	biolink:SmallMolecule	hygromycin b	infores:organoid-protocol-atlas
PMC:10310803	biolink:Publication	PMC10310803	infores:organoid-protocol-atlas
NCBIGene:469283	biolink:Gene	RSPO1	infores:organoid-protocol-atlas
CHEBI:91387	biolink:SmallMolecule	LDN-193189	infores:organoid-protocol-atlas
NCBIGene:397086	biolink:Gene	TNF	infores:organoid-protocol-atlas
PMC:10407810	biolink:Publication	PMC10407810	infores:organoid-protocol-atlas
PMC:10466470	biolink:Publication	PMC10466470	infores:organoid-protocol-atlas
PMC:10493503	biolink:Publication	PMC10493503	infores:organoid-protocol-atlas
CHEBI:233322	biolink:SmallMolecule	A-83-01	infores:organoid-protocol-atlas
PMC:10499607	biolink:Publication	PMC10499607	infores:organoid-protocol-atlas
NCBIGene:608860	biolink:Gene	SHH	infores:organoid-protocol-atlas
NCBIGene:135818427	biolink:Gene	LOC135818427	infores:organoid-protocol-atlas
NCBIGene:211286	biolink:Gene	Cln5	infores:organoid-protocol-atlas
Cellosaurus:CVCL_1240	biolink:CellLine	H9	infores:organoid-protocol-atlas
PMC:10506403	biolink:Publication	PMC10506403	infores:organoid-protocol-atlas
CHEBI:93891	biolink:SmallMolecule	Forskolin	infores:organoid-protocol-atlas
PUBCHEM.COMPOUND:155011957	biolink:SmallMolecule	TGF-beta	infores:organoid-protocol-atlas
CHEBI:91108	biolink:SmallMolecule	SB 431542	infores:organoid-protocol-atlas
CHEBI:137113	biolink:SmallMolecule	JQ1	infores:organoid-protocol-atlas
PMC:10520631	biolink:Publication	PMC10520631	infores:organoid-protocol-atlas
NCBIGene:100520560	biolink:Gene	WNT2B	infores:organoid-protocol-atlas
PMC:10635827	biolink:Publication	PMC10635827	infores:organoid-protocol-atlas
NCBIGene:2777530	biolink:Gene	hegF	infores:organoid-protocol-atlas
NCBIGene:2252	biolink:Gene	FGF7	infores:organoid-protocol-atlas
NCBIGene:2255	biolink:Gene	FGF10	infores:organoid-protocol-atlas
NCBIGene:3082	biolink:Gene	HGF	infores:organoid-protocol-atlas
PMC:10645385	biolink:Publication	PMC10645385	infores:organoid-protocol-atlas
NCBIGene:6036390	biolink:Gene	Smox	infores:organoid-protocol-atlas
PMC:10673726	biolink:Publication	PMC10673726	infores:organoid-protocol-atlas
NCBIGene:22416	biolink:Gene	Wnt3a	infores:organoid-protocol-atlas
PR:000007480	biolink:Protein	fibroblast growth factor 10	infores:organoid-protocol-atlas
PMC:10713453	biolink:Publication	PMC10713453	infores:organoid-protocol-atlas
Cellosaurus:CVCL_E8HP	biolink:CellLine	B7	infores:organoid-protocol-atlas
PMC:10716495	biolink:Publication	PMC10716495	infores:organoid-protocol-atlas
CHEBI:137694	biolink:MolecularMixture	(S)-2-methyl-1-(4-methylisoquinoline-5-sulfonyl)-1,4-diazepane dihydrochloride	infores:organoid-protocol-atlas
PUBCHEM.COMPOUND:57519544	biolink:SmallMolecule	Wnt-C59	infores:organoid-protocol-atlas
PMC:10739970	biolink:Publication	PMC10739970	infores:organoid-protocol-atlas
NCBIGene:492315	biolink:Gene	BMP7	infores:organoid-protocol-atlas
PMC:10775018	biolink:Publication	PMC10775018	infores:organoid-protocol-atlas
PMC:10781881	biolink:Publication	PMC10781881	infores:organoid-protocol-atlas
NCBIGene:397491	biolink:Gene	IGF1	infores:organoid-protocol-atlas
NCBIGene:100525120	biolink:Gene	HGF	infores:organoid-protocol-atlas
NCBIGene:851442	biolink:Gene	IWR1	infores:organoid-protocol-atlas
PMC:10873332	biolink:Publication	PMC10873332	infores:organoid-protocol-atlas
NCBIGene:4155959	biolink:Gene	fgf-2	infores:organoid-protocol-atlas
PMC:10894554	biolink:Publication	PMC10894554	infores:organoid-protocol-atlas
NCBIGene:102361963	biolink:Gene	LOC102361963	infores:organoid-protocol-atlas
PMC:10915962	biolink:Publication	PMC10915962	infores:organoid-protocol-atlas
NCBIGene:396717	biolink:Gene	FGF9	infores:organoid-protocol-atlas
PMC:10944495	biolink:Publication	PMC10944495	infores:organoid-protocol-atlas
NCBIGene:100136517	biolink:Gene	LOC100136517	infores:organoid-protocol-atlas
PMC:10954298	biolink:Publication	PMC10954298	infores:organoid-protocol-atlas
PMC:10999936	biolink:Publication	PMC10999936	infores:organoid-protocol-atlas
PR:000008534	biolink:Protein	hepatocyte growth factor	infores:organoid-protocol-atlas
PR:000000168	biolink:Protein	bone morphogenetic protein 7	infores:organoid-protocol-atlas
CHEBI:41879	biolink:SmallMolecule	Dexamethasone	infores:organoid-protocol-atlas
PR:000007488	biolink:Protein	fibroblast growth factor 19	infores:organoid-protocol-atlas
PMC:11006621	biolink:Publication	PMC11006621	infores:organoid-protocol-atlas
CHEBI:64073	biolink:SmallMolecule	exendin-4	infores:organoid-protocol-atlas
PR:000009182	biolink:Protein	insulin-like growth factor 1	infores:organoid-protocol-atlas
PMC:11035500	biolink:Publication	PMC11035500	infores:organoid-protocol-atlas
NCBIGene:5506249	biolink:Gene	LOC5506249	infores:organoid-protocol-atlas
NCBIGene:141013698	biolink:Gene	tgfb1a	infores:organoid-protocol-atlas
PMC:11099456	biolink:Publication	PMC11099456	infores:organoid-protocol-atlas
NCBIGene:7473	biolink:Gene	WNT3	infores:organoid-protocol-atlas
PMC:11103887	biolink:Publication	PMC11103887	infores:organoid-protocol-atlas
PMC:11132046	biolink:Publication	PMC11132046	infores:organoid-protocol-atlas
PMC:11186971	biolink:Publication	PMC11186971	infores:organoid-protocol-atlas
NCBIGene:100529167	biolink:Gene	wnt2bb	infores:organoid-protocol-atlas
MESH:C066845	biolink:ChemicalEntity	pleiotrophin	infores:organoid-protocol-atlas
PR:000010265	biolink:Protein	midkine	infores:organoid-protocol-atlas
PMC:11190488	biolink:Publication	PMC11190488	infores:organoid-protocol-atlas
NCBIGene:100322894	biolink:Gene	GDNF	infores:organoid-protocol-atlas
NCBIGene:2253	biolink:Gene	FGF8	infores:organoid-protocol-atlas
NCBIGene:118880887	biolink:Gene	JAG1	infores:organoid-protocol-atlas
PMC:11194494	biolink:Publication	PMC11194494	infores:organoid-protocol-atlas
PMC:11210168	biolink:Publication	PMC11210168	infores:organoid-protocol-atlas
UNII:HKD5QF8HP2	biolink:ChemicalEntity	BETACELLULIN	infores:organoid-protocol-atlas
NCBIGene:921105	biolink:Gene	THVgp003	infores:organoid-protocol-atlas
CHEBI:86193	biolink:SmallMolecule	DAPT	infores:organoid-protocol-atlas
PMC:11226883	biolink:Publication	PMC11226883	infores:organoid-protocol-atlas
NCBIGene:396839	biolink:Gene	CSF3	infores:organoid-protocol-atlas
PMC:11228284	biolink:Publication	PMC11228284	infores:organoid-protocol-atlas
NCBIGene:100009569	biolink:Gene	BMP4	infores:organoid-protocol-atlas
PMC:11272814	biolink:Publication	PMC11272814	infores:organoid-protocol-atlas
PMC:11274427	biolink:Publication	PMC11274427	infores:organoid-protocol-atlas
CHEBI:92773	biolink:SmallMolecule	Y 27632	infores:organoid-protocol-atlas
PMC:11304926	biolink:Publication	PMC11304926	infores:organoid-protocol-atlas
NCBIGene:100169660	biolink:Gene	tnfa	infores:organoid-protocol-atlas
PMC:11315325	biolink:Publication	PMC11315325	infores:organoid-protocol-atlas
Cellosaurus:CVCL_LJ39	biolink:CellLine	1231A3	infores:organoid-protocol-atlas
PMC:11358266	biolink:Publication	PMC11358266	infores:organoid-protocol-atlas
Cellosaurus:CVCL_C1DY	biolink:CellLine	Ff-I01s04	infores:organoid-protocol-atlas
PMC:11404120	biolink:Publication	PMC11404120	infores:organoid-protocol-atlas
NCBIGene:654315	biolink:Gene	il-2	infores:organoid-protocol-atlas
NCBIGene:100037976	biolink:Gene	TNFSF11	infores:organoid-protocol-atlas
NCBIGene:106841015	biolink:Gene	IL4	infores:organoid-protocol-atlas
NCBIGene:396721	biolink:Gene	IL13	infores:organoid-protocol-atlas
PMC:11418062	biolink:Publication	PMC11418062	infores:organoid-protocol-atlas
NCBIGene:397495	biolink:Gene	BDNF	infores:organoid-protocol-atlas
NCBIGene:5067522	biolink:Gene	NT3	infores:organoid-protocol-atlas
PMC:11477044	biolink:Publication	PMC11477044	infores:organoid-protocol-atlas
CHEBI:80240	biolink:SmallMolecule	Endothelin-1	infores:organoid-protocol-atlas
PMC:11520781	biolink:Publication	PMC11520781	infores:organoid-protocol-atlas
PMC:11535291	biolink:Publication	PMC11535291	infores:organoid-protocol-atlas
PMC:11574267	biolink:Publication	PMC11574267	infores:organoid-protocol-atlas
PUBCHEM.COMPOUND:16132267	biolink:SmallMolecule	Little gastrin I	infores:organoid-protocol-atlas
CHEBI:606564	biolink:SmallMolecule	prostaglandin E2(1-)	infores:organoid-protocol-atlas
PMC:11576200	biolink:Publication	PMC11576200	infores:organoid-protocol-atlas
NCBIGene:100738655	biolink:Gene	WNT9B	infores:organoid-protocol-atlas
NCBIGene:3503951	biolink:Gene	atrA	infores:organoid-protocol-atlas
PMC:11612215	biolink:Publication	PMC11612215	infores:organoid-protocol-atlas
PMC:11620051	biolink:Publication	PMC11620051	infores:organoid-protocol-atlas
PUBCHEM.COMPOUND:90488854	biolink:MolecularMixture	endo-IWR 1	infores:organoid-protocol-atlas
PMC:11629183	biolink:Publication	PMC11629183	infores:organoid-protocol-atlas
PMC:11632457	biolink:Publication	PMC11632457	infores:organoid-protocol-atlas
CHEBI:75379	biolink:SmallMolecule	blebbistatin	infores:organoid-protocol-atlas
CHEBI:15891	biolink:SmallMolecule	Taurine	infores:organoid-protocol-atlas
PMC:11641514	biolink:Publication	PMC11641514	infores:organoid-protocol-atlas
CHEBI:63449	biolink:SmallMolecule	SU5402	infores:organoid-protocol-atlas
Cellosaurus:CVCL_RH85	biolink:CellLine	UiPSC-001	infores:organoid-protocol-atlas
PMC:11662859	biolink:Publication	PMC11662859	infores:organoid-protocol-atlas
NCBIGene:285758	biolink:Gene	MROCKI	infores:organoid-protocol-atlas
PMC:11682736	biolink:Publication	PMC11682736	infores:organoid-protocol-atlas
Cellosaurus:CVCL_C639	biolink:CellLine	CC3	infores:organoid-protocol-atlas
PMC:11699091	biolink:Publication	PMC11699091	infores:organoid-protocol-atlas
PMC:11719415	biolink:Publication	PMC11719415	infores:organoid-protocol-atlas
PMC:11719574	biolink:Publication	PMC11719574	infores:organoid-protocol-atlas
CHEBI:138438	biolink:SmallMolecule	3-chloro-N-[trans-4-(methylamino)cyclohexyl]-N-[3-(pyridin-4-yl)benzyl]-1-benzothiophene-2-carboxamide	infores:organoid-protocol-atlas
PMC:11723681	biolink:Publication	PMC11723681	infores:organoid-protocol-atlas
PUBCHEM.COMPOUND:91898398	biolink:SmallMolecule	Gastrin I	infores:organoid-protocol-atlas
PMC:11743075	biolink:Publication	PMC11743075	infores:organoid-protocol-atlas
PMC:11744189	biolink:Publication	PMC11744189	infores:organoid-protocol-atlas
CHEBI:28939	biolink:SmallMolecule	Acetylcysteine	infores:organoid-protocol-atlas
PMC:11764187	biolink:Publication	PMC11764187	infores:organoid-protocol-atlas
PR:000000034	biolink:Protein	bone morphogenetic protein	infores:organoid-protocol-atlas
PMC:11775963	biolink:Publication	PMC11775963	infores:organoid-protocol-atlas
PMC:11779682	biolink:Publication	PMC11779682	infores:organoid-protocol-atlas
PMC:11790636	biolink:Publication	PMC11790636	infores:organoid-protocol-atlas
PMC:11791066	biolink:Publication	PMC11791066	infores:organoid-protocol-atlas
PUBCHEM.COMPOUND:133126676	biolink:SmallMolecule	Fibroblast Growth Factors	infores:organoid-protocol-atlas
PMC:11795835	biolink:Publication	PMC11795835	infores:organoid-protocol-atlas
NCBIGene:100518595	biolink:Gene	FGF4	infores:organoid-protocol-atlas
NCBIGene:397497	biolink:Gene	FGF1	infores:organoid-protocol-atlas
NCBIGene:541594	biolink:Gene	HAND1	infores:organoid-protocol-atlas
PMC:11798851	biolink:Publication	PMC11798851	infores:organoid-protocol-atlas
CHEBI:88249	biolink:SmallMolecule	Mirdametinib	infores:organoid-protocol-atlas
PMC:11812335	biolink:Publication	PMC11812335	infores:organoid-protocol-atlas
PMC:11836903	biolink:Publication	PMC11836903	infores:organoid-protocol-atlas
PMC:11840725	biolink:Publication	PMC11840725	infores:organoid-protocol-atlas
PR:000004024	biolink:Protein	angiopoietin-2	infores:organoid-protocol-atlas
PMC:11850396	biolink:Publication	PMC11850396	infores:organoid-protocol-atlas
NCBIGene:100518950	biolink:Gene	FGF19	infores:organoid-protocol-atlas
PMC:11854395	biolink:Publication	PMC11854395	infores:organoid-protocol-atlas
NCBIGene:399503	biolink:Gene	LIF	infores:organoid-protocol-atlas
PMC:11889630	biolink:Publication	PMC11889630	infores:organoid-protocol-atlas
PMC:11908814	biolink:Publication	PMC11908814	infores:organoid-protocol-atlas
PMC:11910075	biolink:Publication	PMC11910075	infores:organoid-protocol-atlas
PMC:11926186	biolink:Publication	PMC11926186	infores:organoid-protocol-atlas
NCBIGene:443074	biolink:Gene	FGF10	infores:organoid-protocol-atlas
PMC:11945118	biolink:Publication	PMC11945118	infores:organoid-protocol-atlas
PMC:11960529	biolink:Publication	PMC11960529	infores:organoid-protocol-atlas
PMC:11962860	biolink:Publication	PMC11962860	infores:organoid-protocol-atlas
PMC:11966913	biolink:Publication	PMC11966913	infores:organoid-protocol-atlas
NCBIGene:78965	biolink:Gene	Csf1	infores:organoid-protocol-atlas
PMC:11990004	biolink:Publication	PMC11990004	infores:organoid-protocol-atlas
NCBIGene:22943	biolink:Gene	DKK1	infores:organoid-protocol-atlas
NCBIGene:1270	biolink:Gene	CNTF	infores:organoid-protocol-atlas
CHEBI:78273	biolink:SmallMolecule	9-cis-retinal	infores:organoid-protocol-atlas
PMC:11993987	biolink:Publication	PMC11993987	infores:organoid-protocol-atlas
PMC:11994664	biolink:Publication	PMC11994664	infores:organoid-protocol-atlas
PMC:11998602	biolink:Publication	PMC11998602	infores:organoid-protocol-atlas
PMC:12000699	biolink:Publication	PMC12000699	infores:organoid-protocol-atlas
Cellosaurus:CVCL_E080	biolink:CellLine	WA25	infores:organoid-protocol-atlas
PMC:12018802	biolink:Publication	PMC12018802	infores:organoid-protocol-atlas
PMC:12020871	biolink:Publication	PMC12020871	infores:organoid-protocol-atlas
PMC:12030824	biolink:Publication	PMC12030824	infores:organoid-protocol-atlas
NCBIGene:100155208	biolink:Gene	RSPO3	infores:organoid-protocol-atlas
PMC:12055624	biolink:Publication	PMC12055624	infores:organoid-protocol-atlas
CHEBI:80270	biolink:SmallMolecule	CID 101933572	infores:organoid-protocol-atlas
PMC:12069716	biolink:Publication	PMC12069716	infores:organoid-protocol-atlas
Cellosaurus:CVCL_D4YF	biolink:CellLine	H1	infores:organoid-protocol-atlas
PMC:12080355	biolink:Publication	PMC12080355	infores:organoid-protocol-atlas
CHEBI:28304	biolink:SmallMolecule	Heparin	infores:organoid-protocol-atlas
PR:000036009	biolink:Protein	angiotensin II	infores:organoid-protocol-atlas
CHEBI:6541	biolink:SmallMolecule	Losartan	infores:organoid-protocol-atlas
PMC:12081310	biolink:Publication	PMC12081310	infores:organoid-protocol-atlas
NCBIGene:103226390	biolink:Gene	IL6	infores:organoid-protocol-atlas
NCBIGene:100136642	biolink:Gene	il-17a	infores:organoid-protocol-atlas
NCBIGene:100136640	biolink:Gene	il-18	infores:organoid-protocol-atlas
NCBIGene:5008	biolink:Gene	OSM	infores:organoid-protocol-atlas
NCBIGene:38145	biolink:Gene	scf	infores:organoid-protocol-atlas
PMC:12084451	biolink:Publication	PMC12084451	infores:organoid-protocol-atlas
CHEBI:6801	biolink:SmallMolecule	Metformin	infores:organoid-protocol-atlas
UNII:5VWV92039E	biolink:SmallMolecule	DY131	infores:organoid-protocol-atlas
PR:000004200	biolink:Protein	amphiregulin	infores:organoid-protocol-atlas
UNII:6M7LS9PZV4	biolink:ChemicalEntity	NEUREGULIN-1	infores:organoid-protocol-atlas
PMC:12119492	biolink:Publication	PMC12119492	infores:organoid-protocol-atlas
PMC:12129933	biolink:Publication	PMC12129933	infores:organoid-protocol-atlas
PMC:12155111	biolink:Publication	PMC12155111	infores:organoid-protocol-atlas
PR:000009799	biolink:Protein	leukemia inhibitory factor	infores:organoid-protocol-atlas
PMC:12162665	biolink:Publication	PMC12162665	infores:organoid-protocol-atlas
NCBIGene:1956	biolink:Gene	EGFR	infores:organoid-protocol-atlas
NCBIGene:7446652	biolink:Gene	MAPK	infores:organoid-protocol-atlas
PMC:12189234	biolink:Publication	PMC12189234	infores:organoid-protocol-atlas
NCBIGene:397281	biolink:Gene	FGF7	infores:organoid-protocol-atlas
PMC:12189686	biolink:Publication	PMC12189686	infores:organoid-protocol-atlas
PR:000007489	biolink:Protein	fibroblast growth factor 2	infores:organoid-protocol-atlas
PR:000000165	biolink:Protein	bone morphogenetic protein 4	infores:organoid-protocol-atlas
PMC:12195329	biolink:Publication	PMC12195329	infores:organoid-protocol-atlas
CHEBI:17489	biolink:SmallMolecule	Cyclic AMP	infores:organoid-protocol-atlas
CHEBI:12777	biolink:SmallMolecule	Vitamin A	infores:organoid-protocol-atlas
PMC:12202271	biolink:Publication	PMC12202271	infores:organoid-protocol-atlas
NCBIGene:136430003	biolink:Gene	LOC136430003	infores:organoid-protocol-atlas
PMC:12216149	biolink:Publication	PMC12216149	infores:organoid-protocol-atlas
CHEBI:50211	biolink:SmallMolecule	retinol	infores:organoid-protocol-atlas
CHEBI:78510	biolink:SmallMolecule	Dorsomorphin	infores:organoid-protocol-atlas
Cellosaurus:CVCL_K092	biolink:CellLine	409B2	infores:organoid-protocol-atlas
PMC:12216864	biolink:Publication	PMC12216864	infores:organoid-protocol-atlas
PMC:12230479	biolink:Publication	PMC12230479	infores:organoid-protocol-atlas
Cellosaurus:CVCL_A065	biolink:CellLine	201B6	infores:organoid-protocol-atlas
PMC:12232214	biolink:Publication	PMC12232214	infores:organoid-protocol-atlas
PMC:12247448	biolink:Publication	PMC12247448	infores:organoid-protocol-atlas
PMC:12256518	biolink:Publication	PMC12256518	infores:organoid-protocol-atlas
PMC:12259470	biolink:Publication	PMC12259470	infores:organoid-protocol-atlas
PUBCHEM.COMPOUND:89558344	biolink:SmallMolecule	MK-8722	infores:organoid-protocol-atlas
PMC:12281010	biolink:Publication	PMC12281010	infores:organoid-protocol-atlas
PMC:12288960	biolink:Publication	PMC12288960	infores:organoid-protocol-atlas
PMC:12292610	biolink:Publication	PMC12292610	infores:organoid-protocol-atlas
NCBIGene:101457631	biolink:Gene	Dic1	infores:organoid-protocol-atlas
PMC:12296607	biolink:Publication	PMC12296607	infores:organoid-protocol-atlas
PMC:12297600	biolink:Publication	PMC12297600	infores:organoid-protocol-atlas
PMC:12302050	biolink:Publication	PMC12302050	infores:organoid-protocol-atlas
PMC:12307681	biolink:Publication	PMC12307681	infores:organoid-protocol-atlas
NCBIGene:100190875	biolink:Gene	il-15	infores:organoid-protocol-atlas
PMC:12312423	biolink:Publication	PMC12312423	infores:organoid-protocol-atlas
PR:000007495	biolink:Protein	fibroblast growth factor 4	infores:organoid-protocol-atlas
PMC:12314479	biolink:Publication	PMC12314479	infores:organoid-protocol-atlas
CHEBI:176783	biolink:ChemicalEntity	vitamin C	infores:organoid-protocol-atlas
PMC:12325324	biolink:Publication	PMC12325324	infores:organoid-protocol-atlas
NCBIGene:733059	biolink:Gene	Bmp-2	infores:organoid-protocol-atlas
PMC:12327626	biolink:Publication	PMC12327626	infores:organoid-protocol-atlas
PMC:12336816	biolink:Publication	PMC12336816	infores:organoid-protocol-atlas
PMC:12338369	biolink:Publication	PMC12338369	infores:organoid-protocol-atlas
PMC:12340003	biolink:Publication	PMC12340003	infores:organoid-protocol-atlas
UNII:G2MY39VR77	biolink:ChemicalEntity	XAV-939	infores:organoid-protocol-atlas
NCBIGene:820	biolink:Gene	CAMP	infores:organoid-protocol-atlas
PMC:12340526	biolink:Publication	PMC12340526	infores:organoid-protocol-atlas
CHEBI:30661	biolink:SmallMolecule	thyronine	infores:organoid-protocol-atlas
PMC:12346501	biolink:Publication	PMC12346501	infores:organoid-protocol-atlas
CHEBI:16881	biolink:SmallMolecule	Indole	infores:organoid-protocol-atlas
CHEBI:79090	biolink:SmallMolecule	SB-202190	infores:organoid-protocol-atlas
CHEBI:195599	biolink:SmallMolecule	CH-223191	infores:organoid-protocol-atlas
PMC:12346743	biolink:Publication	PMC12346743	infores:organoid-protocol-atlas
CHEBI:80343	biolink:ChemicalEntity	Mecasermin	infores:organoid-protocol-atlas
CHEBI:4911	biolink:SmallMolecule	Etoposide	infores:organoid-protocol-atlas
PMC:12354852	biolink:Publication	PMC12354852	infores:organoid-protocol-atlas
PMC:12362823	biolink:Publication	PMC12362823	infores:organoid-protocol-atlas
PMC:12369226	biolink:Publication	PMC12369226	infores:organoid-protocol-atlas
NCBIGene:110258061	biolink:Gene	NOTCH1	infores:organoid-protocol-atlas
NCBIGene:4854	biolink:Gene	NOTCH3	infores:organoid-protocol-atlas
PMC:12378450	biolink:Publication	PMC12378450	infores:organoid-protocol-atlas
PUBCHEM.COMPOUND:91900717	biolink:MolecularMixture	LDN 193189 dihydrochloride	infores:organoid-protocol-atlas
PUBCHEM.COMPOUND:5289418	biolink:SmallMolecule	SU 5402	infores:organoid-protocol-atlas
PMC:12379590	biolink:Publication	PMC12379590	infores:organoid-protocol-atlas
CHEBI:17968	biolink:SmallMolecule	butyrate	infores:organoid-protocol-atlas
PMC:12383812	biolink:Publication	PMC12383812	infores:organoid-protocol-atlas
PMC:12391696	biolink:Publication	PMC12391696	infores:organoid-protocol-atlas
PMC:12398568	biolink:Publication	PMC12398568	infores:organoid-protocol-atlas
PR:000007500	biolink:Protein	fibroblast growth factor 9	infores:organoid-protocol-atlas
PMC:12398611	biolink:Publication	PMC12398611	infores:organoid-protocol-atlas
PMC:12402132	biolink:Publication	PMC12402132	infores:organoid-protocol-atlas
NCBIGene:85272	biolink:Gene	Bmp7	infores:organoid-protocol-atlas
PMC:12414973	biolink:Publication	PMC12414973	infores:organoid-protocol-atlas
CHEBI:60311	biolink:MolecularMixture	thyroid hormone	infores:organoid-protocol-atlas
PMC:12427660	biolink:Publication	PMC12427660	infores:organoid-protocol-atlas
NCBIGene:474356	biolink:Gene	IL3	infores:organoid-protocol-atlas
NCBIGene:100873160	biolink:Gene	il34	infores:organoid-protocol-atlas
PMC:12428058	biolink:Publication	PMC12428058	infores:organoid-protocol-atlas
PMC:12428614	biolink:Publication	PMC12428614	infores:organoid-protocol-atlas
NCBIGene:3084	biolink:Gene	NRG1	infores:organoid-protocol-atlas
PMC:12429095	biolink:Publication	PMC12429095	infores:organoid-protocol-atlas
PMC:12434145	biolink:Publication	PMC12434145	infores:organoid-protocol-atlas
NCBIGene:33226	biolink:Gene	lwr	infores:organoid-protocol-atlas
PMC:12445665	biolink:Publication	PMC12445665	infores:organoid-protocol-atlas
PMC:12446705	biolink:Publication	PMC12446705	infores:organoid-protocol-atlas
PMC:12447339	biolink:Publication	PMC12447339	infores:organoid-protocol-atlas
NCBIGene:494460	biolink:Gene	CXCL12	infores:organoid-protocol-atlas
CHEBI:75401	biolink:SmallMolecule	quinpirole	infores:organoid-protocol-atlas
CHEBI:31073	biolink:SmallMolecule	NBQX	infores:organoid-protocol-atlas
CHEBI:3092	biolink:SmallMolecule	Bicuculline	infores:organoid-protocol-atlas
PMC:12449818	biolink:Publication	PMC12449818	infores:organoid-protocol-atlas
PMC:12451373	biolink:Publication	PMC12451373	infores:organoid-protocol-atlas
NCBIGene:100127359	biolink:Gene	MTOR	infores:organoid-protocol-atlas
PMC:12456021	biolink:Publication	PMC12456021	infores:organoid-protocol-atlas
NCBIGene:51372312	biolink:Gene	tpa	infores:organoid-protocol-atlas
CHEBI:64103	biolink:MolecularMixture	sodium butyrate	infores:organoid-protocol-atlas
PMC:12456137	biolink:Publication	PMC12456137	infores:organoid-protocol-atlas
PMC:12463091	biolink:Publication	PMC12463091	infores:organoid-protocol-atlas
NCBIGene:104680243	biolink:Gene	TPO	infores:organoid-protocol-atlas
PMC:12464001	biolink:Publication	PMC12464001	infores:organoid-protocol-atlas
PMC:12465241	biolink:Publication	PMC12465241	infores:organoid-protocol-atlas
MESH:C000716071	biolink:ChemicalEntity	ML-792	infores:organoid-protocol-atlas
Cellosaurus:CVCL_2167	biolink:CellLine	ES-R1	infores:organoid-protocol-atlas
PMC:12474279	biolink:Publication	PMC12474279	infores:organoid-protocol-atlas
CHEBI:41218	biolink:SmallMolecule	Mercaptoethanol	infores:organoid-protocol-atlas
NCBIGene:100153791	biolink:Gene	CCN1	infores:organoid-protocol-atlas
PMC:12479813	biolink:Publication	PMC12479813	infores:organoid-protocol-atlas
NCBIGene:776138	biolink:Gene	JAG2	infores:organoid-protocol-atlas
NCBIGene:6774	biolink:Gene	STAT3	infores:organoid-protocol-atlas
PMC:12487822	biolink:Publication	PMC12487822	infores:organoid-protocol-atlas
PMC:12489359	biolink:Publication	PMC12489359	infores:organoid-protocol-atlas
Cellosaurus:CVCL_A3IZ	biolink:CellLine	HPS2496	infores:organoid-protocol-atlas
PMC:12506531	biolink:Publication	PMC12506531	infores:organoid-protocol-atlas
NCBIGene:3911	biolink:Gene	LAMA5	infores:organoid-protocol-atlas
PUBCHEM.COMPOUND:44284481	biolink:SmallMolecule	ENDOTHELIN	infores:organoid-protocol-atlas
PMC:12523766	biolink:Publication	PMC12523766	infores:organoid-protocol-atlas
PMC:12545897	biolink:Publication	PMC12545897	infores:organoid-protocol-atlas
PMC:12548413	biolink:Publication	PMC12548413	infores:organoid-protocol-atlas
PMC:12561129	biolink:Publication	PMC12561129	infores:organoid-protocol-atlas
PMC:12561403	biolink:Publication	PMC12561403	infores:organoid-protocol-atlas
CHEBI:131686	biolink:SmallMolecule	CFTRinh-172	infores:organoid-protocol-atlas
PMC:12563409	biolink:Publication	PMC12563409	infores:organoid-protocol-atlas
PMC:12564065	biolink:Publication	PMC12564065	infores:organoid-protocol-atlas
NCBIGene:100622637	biolink:Gene	NRP2	infores:organoid-protocol-atlas
PMC:12564647	biolink:Publication	PMC12564647	infores:organoid-protocol-atlas
NCBIGene:100137216	biolink:Gene	GM-CSF	infores:organoid-protocol-atlas
PMC:12566879	biolink:Publication	PMC12566879	infores:organoid-protocol-atlas
PMC:12574287	biolink:Publication	PMC12574287	infores:organoid-protocol-atlas
NCBIGene:641	biolink:Gene	BLM	infores:organoid-protocol-atlas
PMC:12575760	biolink:Publication	PMC12575760	infores:organoid-protocol-atlas
PMC:12575888	biolink:Publication	PMC12575888	infores:organoid-protocol-atlas
PUBCHEM.COMPOUND:54671203	biolink:SmallMolecule	doxycycline	infores:organoid-protocol-atlas
PMC:12577290	biolink:Publication	PMC12577290	infores:organoid-protocol-atlas
NCBIGene:4838	biolink:Gene	NODAL	infores:organoid-protocol-atlas
PMC:12577484	biolink:Publication	PMC12577484	infores:organoid-protocol-atlas
PMC:12594919	biolink:Publication	PMC12594919	infores:organoid-protocol-atlas
PMC:12607406	biolink:Publication	PMC12607406	infores:organoid-protocol-atlas
PMC:12617557	biolink:Publication	PMC12617557	infores:organoid-protocol-atlas
PMC:12617951	biolink:Publication	PMC12617951	infores:organoid-protocol-atlas
NCBIGene:111595676	biolink:Gene	pb	infores:organoid-protocol-atlas
CHEBI:5801	biolink:SmallMolecule	Hydroxychloroquine	infores:organoid-protocol-atlas
PMC:12625545	biolink:Publication	PMC12625545	infores:organoid-protocol-atlas
PMC:12631937	biolink:Publication	PMC12631937	infores:organoid-protocol-atlas
PMC:12648008	biolink:Publication	PMC12648008	infores:organoid-protocol-atlas
PMC:12650645	biolink:Publication	PMC12650645	infores:organoid-protocol-atlas
PMC:12653128	biolink:Publication	PMC12653128	infores:organoid-protocol-atlas
NCBIGene:100327037	biolink:Gene	WNT4	infores:organoid-protocol-atlas
PMC:12657418	biolink:Publication	PMC12657418	infores:organoid-protocol-atlas
PMC:12658161	biolink:Publication	PMC12658161	infores:organoid-protocol-atlas
NCBIGene:103043023	biolink:Gene	nkx2.1	infores:organoid-protocol-atlas
PMC:12665103	biolink:Publication	PMC12665103	infores:organoid-protocol-atlas
PUBCHEM.COMPOUND:6878030	biolink:SmallMolecule	SANT-1	infores:organoid-protocol-atlas
PMC:12665400	biolink:Publication	PMC12665400	infores:organoid-protocol-atlas
NCBIGene:2260	biolink:Gene	FGFR1	infores:organoid-protocol-atlas
NCBIGene:490455	biolink:Gene	NPR1	infores:organoid-protocol-atlas
PMC:12678949	biolink:Publication	PMC12678949	infores:organoid-protocol-atlas
PMC:12683206	biolink:Publication	PMC12683206	infores:organoid-protocol-atlas
PMC:12686538	biolink:Publication	PMC12686538	infores:organoid-protocol-atlas
PMC:12686912	biolink:Publication	PMC12686912	infores:organoid-protocol-atlas
PMC:12691017	biolink:Publication	PMC12691017	infores:organoid-protocol-atlas
PMC:12702919	biolink:Publication	PMC12702919	infores:organoid-protocol-atlas
NCBIGene:29348	biolink:Gene	Fgf7	infores:organoid-protocol-atlas
PMC:12703266	biolink:Publication	PMC12703266	infores:organoid-protocol-atlas
PMC:12711465	biolink:Publication	PMC12711465	infores:organoid-protocol-atlas
NCBIGene:60893491	biolink:Gene	srtC	infores:organoid-protocol-atlas
CHEBI:39421	biolink:SmallMolecule	perfluorooctane-1-sulfonic acid	infores:organoid-protocol-atlas
PMC:12718864	biolink:Publication	PMC12718864	infores:organoid-protocol-atlas
NCBIGene:100515445	biolink:Gene	FLT3	infores:organoid-protocol-atlas
PMC:12727648	biolink:Publication	PMC12727648	infores:organoid-protocol-atlas
PMC:12735905	biolink:Publication	PMC12735905	infores:organoid-protocol-atlas
PMC:12744831	biolink:Publication	PMC12744831	infores:organoid-protocol-atlas
PMC:12749118	biolink:Publication	PMC12749118	infores:organoid-protocol-atlas
PMC:12750162	biolink:Publication	PMC12750162	infores:organoid-protocol-atlas
NCBIGene:28838654	biolink:Gene	IDE1	infores:organoid-protocol-atlas
CHEBI:85993	biolink:SmallMolecule	Palbociclib	infores:organoid-protocol-atlas
PMC:12754141	biolink:Publication	PMC12754141	infores:organoid-protocol-atlas
NCBIGene:568933	biolink:Gene	kctd8	infores:organoid-protocol-atlas
PMC:12758142	biolink:Publication	PMC12758142	infores:organoid-protocol-atlas
PMC:12765093	biolink:Publication	PMC12765093	infores:organoid-protocol-atlas
PMC:12767103	biolink:Publication	PMC12767103	infores:organoid-protocol-atlas
PMC:12771668	biolink:Publication	PMC12771668	infores:organoid-protocol-atlas
PMC:12777511	biolink:Publication	PMC12777511	infores:organoid-protocol-atlas
PMC:12779562	biolink:Publication	PMC12779562	infores:organoid-protocol-atlas
PMC:12784959	biolink:Publication	PMC12784959	infores:organoid-protocol-atlas
PMC:12790724	biolink:Publication	PMC12790724	infores:organoid-protocol-atlas
PMC:12795959	biolink:Publication	PMC12795959	infores:organoid-protocol-atlas
CHEBI:64211	biolink:SmallMolecule	8-Br-cAMP	infores:organoid-protocol-atlas
PMC:12804188	biolink:Publication	PMC12804188	infores:organoid-protocol-atlas
UNII:03Z015E4XN	biolink:ChemicalEntity	HUMAN NOGGIN	infores:organoid-protocol-atlas
PMC:12807866	biolink:Publication	PMC12807866	infores:organoid-protocol-atlas
CHEBI:37537	biolink:SmallMolecule	Phorbol 12-myristate 13-acetate diester	infores:organoid-protocol-atlas
PMC:12811101	biolink:Publication	PMC12811101	infores:organoid-protocol-atlas
PMC:12816206	biolink:Publication	PMC12816206	infores:organoid-protocol-atlas
PMC:12821291	biolink:Publication	PMC12821291	infores:organoid-protocol-atlas
PMC:12825330	biolink:Publication	PMC12825330	infores:organoid-protocol-atlas
NCBIGene:100145044	biolink:Gene	fbrs	infores:organoid-protocol-atlas
PMC:12826602	biolink:Publication	PMC12826602	infores:organoid-protocol-atlas
NCBIGene:100136039	biolink:Gene	il-8	infores:organoid-protocol-atlas
PMC:12828395	biolink:Publication	PMC12828395	infores:organoid-protocol-atlas
PMC:12828948	biolink:Publication	PMC12828948	infores:organoid-protocol-atlas
PMC:12829165	biolink:Publication	PMC12829165	infores:organoid-protocol-atlas
PMC:12829276	biolink:Publication	PMC12829276	infores:organoid-protocol-atlas
PMC:12837672	biolink:Publication	PMC12837672	infores:organoid-protocol-atlas
Cellosaurus:CVCL_9S39	biolink:CellLine	UNEWi004-A	infores:organoid-protocol-atlas
PMC:12838547	biolink:Publication	PMC12838547	infores:organoid-protocol-atlas
PMC:12842532	biolink:Publication	PMC12842532	infores:organoid-protocol-atlas
PMC:12843511	biolink:Publication	PMC12843511	infores:organoid-protocol-atlas
PMC:12847054	biolink:Publication	PMC12847054	infores:organoid-protocol-atlas
NCBIGene:532393	biolink:Gene	NTF3	infores:organoid-protocol-atlas
PMC:12847443	biolink:Publication	PMC12847443	infores:organoid-protocol-atlas
PMC:12857267	biolink:Publication	PMC12857267	infores:organoid-protocol-atlas
PMC:12864042	biolink:Publication	PMC12864042	infores:organoid-protocol-atlas
Cellosaurus:CVCL_VU02	biolink:CellLine	BJFF.6	infores:organoid-protocol-atlas
PMC:12864791	biolink:Publication	PMC12864791	infores:organoid-protocol-atlas
PUBCHEM.COMPOUND:46209426	biolink:SmallMolecule	thiazovivin	infores:organoid-protocol-atlas
UNII:53T7IN77LC	biolink:SmallMolecule	Fialuridine	infores:organoid-protocol-atlas
PMC:12865037	biolink:Publication	PMC12865037	infores:organoid-protocol-atlas
PMC:12875692	biolink:Publication	PMC12875692	infores:organoid-protocol-atlas
PMC:12882664	biolink:Publication	PMC12882664	infores:organoid-protocol-atlas
PMC:12892906	biolink:Publication	PMC12892906	infores:organoid-protocol-atlas
PMC:12893041	biolink:Publication	PMC12893041	infores:organoid-protocol-atlas
NCBIGene:100525462	biolink:Gene	WNT1	infores:organoid-protocol-atlas
PMC:12893407	biolink:Publication	PMC12893407	infores:organoid-protocol-atlas
NCBIGene:100487606	biolink:Gene	vegfc	infores:organoid-protocol-atlas
PMC:12893922	biolink:Publication	PMC12893922	infores:organoid-protocol-atlas
NCBIGene:101235712	biolink:Gene	LOC101235712	infores:organoid-protocol-atlas
PUBCHEM.COMPOUND:71890885	biolink:SmallMolecule	TRULI	infores:organoid-protocol-atlas
PMC:12895850	biolink:Publication	PMC12895850	infores:organoid-protocol-atlas
PMC:12896475	biolink:Publication	PMC12896475	infores:organoid-protocol-atlas
PMC:12898197	biolink:Publication	PMC12898197	infores:organoid-protocol-atlas
PMC:12898405	biolink:Publication	PMC12898405	infores:organoid-protocol-atlas
PMC:12902409	biolink:Publication	PMC12902409	infores:organoid-protocol-atlas
CHEBI:137064	biolink:SmallMolecule	Galunisertib	infores:organoid-protocol-atlas
PMC:12902515	biolink:Publication	PMC12902515	infores:organoid-protocol-atlas
Cellosaurus:CVCL_2246	biolink:CellLine	IPEC-J2	infores:organoid-protocol-atlas
PMC:12903095	biolink:Publication	PMC12903095	infores:organoid-protocol-atlas
PMC:12905087	biolink:Publication	PMC12905087	infores:organoid-protocol-atlas
NCBIGene:110256612	biolink:Gene	NEUROG3	infores:organoid-protocol-atlas
NCBIGene:102372626	biolink:Gene	IGF1	infores:organoid-protocol-atlas
PMC:12911366	biolink:Publication	PMC12911366	infores:organoid-protocol-atlas
CHEBI:62878	biolink:SmallMolecule	XAV939	infores:organoid-protocol-atlas
PMC:12915785	biolink:Publication	PMC12915785	infores:organoid-protocol-atlas
PMC:12917985	biolink:Publication	PMC12917985	infores:organoid-protocol-atlas
PMC:12921240	biolink:Publication	PMC12921240	infores:organoid-protocol-atlas
PUBCHEM.COMPOUND:16219826	biolink:SmallMolecule	Prostaglandin E-2	infores:organoid-protocol-atlas
CHEBI:145800	biolink:SmallMolecule	AS1842856	infores:organoid-protocol-atlas
PMC:12921254	biolink:Publication	PMC12921254	infores:organoid-protocol-atlas
PMC:12921360	biolink:Publication	PMC12921360	infores:organoid-protocol-atlas
PMC:12925955	biolink:Publication	PMC12925955	infores:organoid-protocol-atlas
PMC:12929407	biolink:Publication	PMC12929407	infores:organoid-protocol-atlas
CHEBI:48518	biolink:ChemicalEntity	3-isobutyl-1-methylxanthine	infores:organoid-protocol-atlas
PMC:12933599	biolink:Publication	PMC12933599	infores:organoid-protocol-atlas
CHEBI:63053	biolink:SmallMolecule	purmorphamine	infores:organoid-protocol-atlas
PMC:12937646	biolink:Publication	PMC12937646	infores:organoid-protocol-atlas
CHEBI:27584	biolink:SmallMolecule	Aldosterone	infores:organoid-protocol-atlas
UNII:N19A0T0E5J	biolink:ChemicalEntity	Parathyroid hormone	infores:organoid-protocol-atlas
PMC:12937747	biolink:Publication	PMC12937747	infores:organoid-protocol-atlas
PMC:12938774	biolink:Publication	PMC12938774	infores:organoid-protocol-atlas
PUBCHEM.COMPOUND:5353536	biolink:SmallMolecule	7-Nitro-2,3-Dioxo-2,3-Dihydroquinoxaline-6-Carbonitrile	infores:organoid-protocol-atlas
PUBCHEM.COMPOUND:44325289	biolink:SmallMolecule	Tetrodotoxin	infores:organoid-protocol-atlas
CHEBI:29987	biolink:SmallMolecule	glutamate(2-)	infores:organoid-protocol-atlas
PMC:12940303	biolink:Publication	PMC12940303	infores:organoid-protocol-atlas
CHEBI:75728	biolink:SmallMolecule	SAG	infores:organoid-protocol-atlas
PMC:12944987	biolink:Publication	PMC12944987	infores:organoid-protocol-atlas
PMC:12953928	biolink:Publication	PMC12953928	infores:organoid-protocol-atlas
PMC:12954766	biolink:Publication	PMC12954766	infores:organoid-protocol-atlas
CHEBI:131902	biolink:SmallMolecule	N-acetyl-beta-D-galactosaminyl-(1->4)-N-acetyl-D-glucosaminyl group	infores:organoid-protocol-atlas
CHEBI:17234	biolink:SmallMolecule	D-glucose	infores:organoid-protocol-atlas
CHEBI:192686	biolink:SmallMolecule	indolactam V	infores:organoid-protocol-atlas
PMC:12955914	biolink:Publication	PMC12955914	infores:organoid-protocol-atlas
PMC:12957250	biolink:Publication	PMC12957250	infores:organoid-protocol-atlas
PUBCHEM.COMPOUND:10417379	biolink:SmallMolecule	chetomin	infores:organoid-protocol-atlas
PMC:12960935	biolink:Publication	PMC12960935	infores:organoid-protocol-atlas
PMC:12963012	biolink:Publication	PMC12963012	infores:organoid-protocol-atlas
NCBIGene:45796459	biolink:Gene	nac	infores:organoid-protocol-atlas
PMC:12969023	biolink:Publication	PMC12969023	infores:organoid-protocol-atlas
PMC:12969800	biolink:Publication	PMC12969800	infores:organoid-protocol-atlas
Cellosaurus:CVCL_WR31	biolink:CellLine	CMC-hiPSC-009	infores:organoid-protocol-atlas
PMC:12977266	biolink:Publication	PMC12977266	infores:organoid-protocol-atlas
PMC:12977569	biolink:Publication	PMC12977569	infores:organoid-protocol-atlas
PMC:12984627	biolink:Publication	PMC12984627	infores:organoid-protocol-atlas
PMC:12990332	biolink:Publication	PMC12990332	infores:organoid-protocol-atlas
PMC:12992528	biolink:Publication	PMC12992528	infores:organoid-protocol-atlas
NCBIGene:100521912	biolink:Gene	WNT11	infores:organoid-protocol-atlas
NCBIGene:708263	biolink:Gene	SEMA3A	infores:organoid-protocol-atlas
NCBIGene:100624508	biolink:Gene	SEMA3C	infores:organoid-protocol-atlas
NCBIGene:100196060	biolink:Gene	ang1	infores:organoid-protocol-atlas
PMC:12992574	biolink:Publication	PMC12992574	infores:organoid-protocol-atlas
PMC:12996818	biolink:Publication	PMC12996818	infores:organoid-protocol-atlas
Cellosaurus:CVCL_K057	biolink:CellLine	iPS-DF6-9-9T.B	infores:organoid-protocol-atlas
PMC:12998197	biolink:Publication	PMC12998197	infores:organoid-protocol-atlas
PMC:13005688	biolink:Publication	PMC13005688	infores:organoid-protocol-atlas
PMC:13007296	biolink:Publication	PMC13007296	infores:organoid-protocol-atlas
NCBIGene:403915	biolink:Gene	FGF7	infores:organoid-protocol-atlas
MESH:C087230	biolink:Protein	heregulin beta1	infores:organoid-protocol-atlas
PMC:13011608	biolink:Publication	PMC13011608	infores:organoid-protocol-atlas
PMC:13018151	biolink:Publication	PMC13018151	infores:organoid-protocol-atlas
PMC:13020122	biolink:Publication	PMC13020122	infores:organoid-protocol-atlas
CHEBI:64163	biolink:SmallMolecule	diquat	infores:organoid-protocol-atlas
PMC:13023802	biolink:Publication	PMC13023802	infores:organoid-protocol-atlas
NCBIGene:23893	biolink:Gene	Grem2	infores:organoid-protocol-atlas
NCBIGene:100627056	biolink:Gene	WNT5A	infores:organoid-protocol-atlas
PMC:13024533	biolink:Publication	PMC13024533	infores:organoid-protocol-atlas
PMC:13025031	biolink:Publication	PMC13025031	infores:organoid-protocol-atlas
CHEBI:49668	biolink:SmallMolecule	Gefitinib	infores:organoid-protocol-atlas
PMC:13025886	biolink:Publication	PMC13025886	infores:organoid-protocol-atlas
PMC:13030031	biolink:Publication	PMC13030031	infores:organoid-protocol-atlas
PMC:13031523	biolink:Publication	PMC13031523	infores:organoid-protocol-atlas
PUBCHEM.COMPOUND:14803303	biolink:SmallMolecule	Db-cAMP	infores:organoid-protocol-atlas
PMC:13031808	biolink:Publication	PMC13031808	infores:organoid-protocol-atlas
PMC:13036102	biolink:Publication	PMC13036102	infores:organoid-protocol-atlas
PMC:13039810	biolink:Publication	PMC13039810	infores:organoid-protocol-atlas
NCBIGene:396916	biolink:Gene	IGF2	infores:organoid-protocol-atlas
NCBIGene:3586	biolink:Gene	IL10	infores:organoid-protocol-atlas
NCBIGene:110261056	biolink:Gene	IL11	infores:organoid-protocol-atlas
NCBIGene:3569	biolink:Gene	IL6	infores:organoid-protocol-atlas
CHEBI:91402	biolink:SmallMolecule	linsitinib	infores:organoid-protocol-atlas
CHEBI:32293	biolink:ChemicalEntity	Verteporfin	infores:organoid-protocol-atlas
PMC:13041676	biolink:Publication	PMC13041676	infores:organoid-protocol-atlas
Cellosaurus:CVCL_A8PR	biolink:CellLine	UKEi001-A	infores:organoid-protocol-atlas
PMC:13041762	biolink:Publication	PMC13041762	infores:organoid-protocol-atlas
PMC:13042217	biolink:Publication	PMC13042217	infores:organoid-protocol-atlas
PMC:13052169	biolink:Publication	PMC13052169	infores:organoid-protocol-atlas
Cellosaurus:CVCL_C253	biolink:CellLine	DYR0100	infores:organoid-protocol-atlas
PMC:13052877	biolink:Publication	PMC13052877	infores:organoid-protocol-atlas
PMC:13065809	biolink:Publication	PMC13065809	infores:organoid-protocol-atlas
PMC:13067506	biolink:Publication	PMC13067506	infores:organoid-protocol-atlas
PMC:13067788	biolink:Publication	PMC13067788	infores:organoid-protocol-atlas
PMC:13087714	biolink:Publication	PMC13087714	infores:organoid-protocol-atlas
NCBIGene:108631999	biolink:Gene	S1P	infores:organoid-protocol-atlas
PMC:13088841	biolink:Publication	PMC13088841	infores:organoid-protocol-atlas
PMC:13094536	biolink:Publication	PMC13094536	infores:organoid-protocol-atlas
PUBCHEM.COMPOUND:3080727	biolink:SmallMolecule	2'-deoxyadenylyl-(3'-5')-thymidine	infores:organoid-protocol-atlas
PMC:13098098	biolink:Publication	PMC13098098	infores:organoid-protocol-atlas
PMC:13099313	biolink:Publication	PMC13099313	infores:organoid-protocol-atlas
PMC:13104096	biolink:Publication	PMC13104096	infores:organoid-protocol-atlas
PMC:13112721	biolink:Publication	PMC13112721	infores:organoid-protocol-atlas
PMC:13113633	biolink:Publication	PMC13113633	infores:organoid-protocol-atlas
PMC:13114402	biolink:Publication	PMC13114402	infores:organoid-protocol-atlas
PMC:13114865	biolink:Publication	PMC13114865	infores:organoid-protocol-atlas
NCBIGene:373967	biolink:Gene	SLIT2	infores:organoid-protocol-atlas
NCBIGene:121117584	biolink:Gene	LOC121117584	infores:organoid-protocol-atlas
PMC:13116992	biolink:Publication	PMC13116992	infores:organoid-protocol-atlas
NCBIGene:443223	biolink:Gene	ANG-1	infores:organoid-protocol-atlas
PMC:13121393	biolink:Publication	PMC13121393	infores:organoid-protocol-atlas
NCBIGene:100518251	biolink:Gene	KRAS	infores:organoid-protocol-atlas
CHEBI:232752	biolink:SmallMolecule	GSK-LSD1	infores:organoid-protocol-atlas
UNII:1A7Y9MP123	biolink:SmallMolecule	CUDC-101	infores:organoid-protocol-atlas
CHEBI:61077	biolink:SmallMolecule	BML-210	infores:organoid-protocol-atlas
CHEBI:35553	biolink:SmallMolecule	Perhexiline	infores:organoid-protocol-atlas
UNII:Z1HHM49K7O	biolink:SmallMolecule	Napabucasin	infores:organoid-protocol-atlas
CHEBI:233362	biolink:SmallMolecule	Abemaciclib	infores:organoid-protocol-atlas
PMC:13126071	biolink:Publication	PMC13126071	infores:organoid-protocol-atlas
PMC:13129011	biolink:Publication	PMC13129011	infores:organoid-protocol-atlas
PMC:13130689	biolink:Publication	PMC13130689	infores:organoid-protocol-atlas
NCBIGene:100516301	biolink:Gene	FGF20	infores:organoid-protocol-atlas
DRUGBANK:DB18024	biolink:ChemicalEntity	ICG-001	infores:organoid-protocol-atlas
PUBCHEM.COMPOUND:8230	biolink:SmallMolecule	Argipressin	infores:organoid-protocol-atlas
PMC:13130776	biolink:Publication	PMC13130776	infores:organoid-protocol-atlas
CHEBI:71200	biolink:SmallMolecule	Tofacitinib	infores:organoid-protocol-atlas
UNII:S98NFM1378	biolink:SmallMolecule	AZD1208	infores:organoid-protocol-atlas
CHEBI:85078	biolink:SmallMolecule	Dapagliflozin	infores:organoid-protocol-atlas
Cellosaurus:CVCL_C437	biolink:CellLine	iPS(IMR90)-4	infores:organoid-protocol-atlas
PMC:13135991	biolink:Publication	PMC13135991	infores:organoid-protocol-atlas
PMC:13136479	biolink:Publication	PMC13136479	infores:organoid-protocol-atlas
PMC:13137809	biolink:Publication	PMC13137809	infores:organoid-protocol-atlas
CHEBI:144984	biolink:SmallMolecule	NSC 23766	infores:organoid-protocol-atlas
PMC:13140501	biolink:Publication	PMC13140501	infores:organoid-protocol-atlas
PMC:13143278	biolink:Publication	PMC13143278	infores:organoid-protocol-atlas
CHEBI:197402	biolink:ChemicalEntity	dibutyryl-cAMP	infores:organoid-protocol-atlas
PMC:13147989	biolink:Publication	PMC13147989	infores:organoid-protocol-atlas
PMC:13151152	biolink:Publication	PMC13151152	infores:organoid-protocol-atlas
NCBIGene:844144	biolink:Gene	TPPB	infores:organoid-protocol-atlas
CHEBI:69136	biolink:SmallMolecule	Latrunculin A	infores:organoid-protocol-atlas
PMC:13153201	biolink:Publication	PMC13153201	infores:organoid-protocol-atlas
PMC:13154695	biolink:Publication	PMC13154695	infores:organoid-protocol-atlas
PMC:13154875	biolink:Publication	PMC13154875	infores:organoid-protocol-atlas
PMC:13157183	biolink:Publication	PMC13157183	infores:organoid-protocol-atlas
NCBIGene:115252306	biolink:Gene	fgf2	infores:organoid-protocol-atlas
PMC:13162504	biolink:Publication	PMC13162504	infores:organoid-protocol-atlas
PMC:13164303	biolink:Publication	PMC13164303	infores:organoid-protocol-atlas
PMC:13167430	biolink:Publication	PMC13167430	infores:organoid-protocol-atlas
PMC:13167934	biolink:Publication	PMC13167934	infores:organoid-protocol-atlas
PMC:13168099	biolink:Publication	PMC13168099	infores:organoid-protocol-atlas
NCBIGene:100195758	biolink:Gene	sdf1	infores:organoid-protocol-atlas
PMC:13169162	biolink:Publication	PMC13169162	infores:organoid-protocol-atlas
PMC:13170160	biolink:Publication	PMC13170160	infores:organoid-protocol-atlas
PMC:13176542	biolink:Publication	PMC13176542	infores:organoid-protocol-atlas
PMC:13178435	biolink:Publication	PMC13178435	infores:organoid-protocol-atlas
CHEBI:39867	biolink:SmallMolecule	Valproic acid	infores:organoid-protocol-atlas
PMC:13180589	biolink:Publication	PMC13180589	infores:organoid-protocol-atlas
PMC:13182113	biolink:Publication	PMC13182113	infores:organoid-protocol-atlas
PMC:13182545	biolink:Publication	PMC13182545	infores:organoid-protocol-atlas
PMC:13183798	biolink:Publication	PMC13183798	infores:organoid-protocol-atlas
NCBIGene:100157103	biolink:Gene	BMP2	infores:organoid-protocol-atlas
PMC:13184248	biolink:Publication	PMC13184248	infores:organoid-protocol-atlas
PMC:13186046	biolink:Publication	PMC13186046	infores:organoid-protocol-atlas
NCBIGene:606826	biolink:Gene	GDF11	infores:organoid-protocol-atlas
PMC:13206403	biolink:Publication	PMC13206403	infores:organoid-protocol-atlas
PMC:13207643	biolink:Publication	PMC13207643	infores:organoid-protocol-atlas
PMC:13208207	biolink:Publication	PMC13208207	infores:organoid-protocol-atlas
NCBIGene:100518350	biolink:Gene	FUNDC1	infores:organoid-protocol-atlas
PMC:13213298	biolink:Publication	PMC13213298	infores:organoid-protocol-atlas
PMC:13213672	biolink:Publication	PMC13213672	infores:organoid-protocol-atlas
PMC:13214305	biolink:Publication	PMC13214305	infores:organoid-protocol-atlas
NCBIGene:123506166	biolink:Gene	Atg8a	infores:organoid-protocol-atlas
PMC:13214524	biolink:Publication	PMC13214524	infores:organoid-protocol-atlas
PUBCHEM.COMPOUND:16143379	biolink:SmallMolecule	Human epidermal growth factor	infores:organoid-protocol-atlas
PMC:13218870	biolink:Publication	PMC13218870	infores:organoid-protocol-atlas
PMC:13223991	biolink:Publication	PMC13223991	infores:organoid-protocol-atlas
PUBCHEM.COMPOUND:3370	biolink:SmallMolecule	Fludrocortisone acetate	infores:organoid-protocol-atlas
PMC:13224076	biolink:Publication	PMC13224076	infores:organoid-protocol-atlas
PMC:13225201	biolink:Publication	PMC13225201	infores:organoid-protocol-atlas
PMC:13225715	biolink:Publication	PMC13225715	infores:organoid-protocol-atlas
PMC:13226553	biolink:Publication	PMC13226553	infores:organoid-protocol-atlas
PMC:13228084	biolink:Publication	PMC13228084	infores:organoid-protocol-atlas
PMC:13230137	biolink:Publication	PMC13230137	infores:organoid-protocol-atlas
PMC:13235386	biolink:Publication	PMC13235386	infores:organoid-protocol-atlas
NCBIGene:7422	biolink:Gene	VEGFA	infores:organoid-protocol-atlas
PMC:13236901	biolink:Publication	PMC13236901	infores:organoid-protocol-atlas
PMC:13241417	biolink:Publication	PMC13241417	infores:organoid-protocol-atlas
CHEBI:132086	biolink:SmallMolecule	BMS-493	infores:organoid-protocol-atlas
PUBCHEM.COMPOUND:118989588	biolink:MolecularMixture	Heparin sodium salt	infores:organoid-protocol-atlas
PMC:13241447	biolink:Publication	PMC13241447	infores:organoid-protocol-atlas
PMC:13241776	biolink:Publication	PMC13241776	infores:organoid-protocol-atlas
PMC:13241826	biolink:Publication	PMC13241826	infores:organoid-protocol-atlas
PMC:13241891	biolink:Publication	PMC13241891	infores:organoid-protocol-atlas
CHEBI:63577	biolink:SmallMolecule	Lamivudine	infores:organoid-protocol-atlas
PMC:13246858	biolink:Publication	PMC13246858	infores:organoid-protocol-atlas
Cellosaurus:CVCL_B810	biolink:CellLine	RUES2	infores:organoid-protocol-atlas
PMC:13247413	biolink:Publication	PMC13247413	infores:organoid-protocol-atlas
PMC:13252844	biolink:Publication	PMC13252844	infores:organoid-protocol-atlas
PMC:13253792	biolink:Publication	PMC13253792	infores:organoid-protocol-atlas
NCBIGene:100513672	biolink:Gene	FGF5	infores:organoid-protocol-atlas
PMC:13254702	biolink:Publication	PMC13254702	infores:organoid-protocol-atlas
PMC:13256479	biolink:Publication	PMC13256479	infores:organoid-protocol-atlas
CHEBI:9143	biolink:SmallMolecule	silychristin	infores:organoid-protocol-atlas
CHEBI:5951	biolink:SmallMolecule	Iopanoic acid	infores:organoid-protocol-atlas
Cellosaurus:CVCL_YN70	biolink:CellLine	BIHi001-B	infores:organoid-protocol-atlas
PMC:13260613	biolink:Publication	PMC13260613	infores:organoid-protocol-atlas
PMC:13260716	biolink:Publication	PMC13260716	infores:organoid-protocol-atlas
NCBIGene:118299716	biolink:Gene	tgfb1a	infores:organoid-protocol-atlas
PMC:3033971	biolink:Publication	PMC3033971	infores:organoid-protocol-atlas
PMC:3634804	biolink:Publication	PMC3634804	infores:organoid-protocol-atlas
PMC:3801438	biolink:Publication	PMC3801438	infores:organoid-protocol-atlas
PMC:3817409	biolink:Publication	PMC3817409	infores:organoid-protocol-atlas
PMC:4120977	biolink:Publication	PMC4120977	infores:organoid-protocol-atlas
PMC:4270898	biolink:Publication	PMC4270898	infores:organoid-protocol-atlas
PMC:4274199	biolink:Publication	PMC4274199	infores:organoid-protocol-atlas
PMC:4313365	biolink:Publication	PMC4313365	infores:organoid-protocol-atlas
PMC:4334572	biolink:Publication	PMC4334572	infores:organoid-protocol-atlas
PMC:4352848	biolink:Publication	PMC4352848	infores:organoid-protocol-atlas
PMC:4370190	biolink:Publication	PMC4370190	infores:organoid-protocol-atlas
PMC:4370217	biolink:Publication	PMC4370217	infores:organoid-protocol-atlas
PUBCHEM.COMPOUND:1367095	biolink:SmallMolecule	SANT-2	infores:organoid-protocol-atlas
PMC:4489980	biolink:Publication	PMC4489980	infores:organoid-protocol-atlas
PMC:4519016	biolink:Publication	PMC4519016	infores:organoid-protocol-atlas
PMC:4620584	biolink:Publication	PMC4620584	infores:organoid-protocol-atlas
PMC:4677245	biolink:Publication	PMC4677245	infores:organoid-protocol-atlas
PMC:4747858	biolink:Publication	PMC4747858	infores:organoid-protocol-atlas
PMC:4753163	biolink:Publication	PMC4753163	infores:organoid-protocol-atlas
PUBCHEM.COMPOUND:5284327	biolink:SmallMolecule	KAAD-Cyclopamine	infores:organoid-protocol-atlas
CHEBI:4021	biolink:SmallMolecule	Cyclopamine	infores:organoid-protocol-atlas
Cellosaurus:CVCL_DG36	biolink:CellLine	MEL1	infores:organoid-protocol-atlas
PMC:4793718	biolink:Publication	PMC4793718	infores:organoid-protocol-atlas
CHEBI:85278	biolink:SmallMolecule	17beta-hydroxyandrostan-3-one	infores:organoid-protocol-atlas
PMC:4834051	biolink:Publication	PMC4834051	infores:organoid-protocol-atlas
NCBIGene:40101303	biolink:Gene	FDJ47_gp23	infores:organoid-protocol-atlas
Cellosaurus:CVCL_9108	biolink:CellLine	E14TG2a	infores:organoid-protocol-atlas
PMC:4846772	biolink:Publication	PMC4846772	infores:organoid-protocol-atlas
PMC:4900885	biolink:Publication	PMC4900885	infores:organoid-protocol-atlas
PMC:4922542	biolink:Publication	PMC4922542	infores:organoid-protocol-atlas
PMC:5089859	biolink:Publication	PMC5089859	infores:organoid-protocol-atlas
Cellosaurus:CVCL_R782	biolink:CellLine	UM63-1	infores:organoid-protocol-atlas
PMC:5113819	biolink:Publication	PMC5113819	infores:organoid-protocol-atlas
PMC:5358113	biolink:Publication	PMC5358113	infores:organoid-protocol-atlas
PMC:5540177	biolink:Publication	PMC5540177	infores:organoid-protocol-atlas
NCBIGene:93777613	biolink:Gene	cycA	infores:organoid-protocol-atlas
PMC:5555721	biolink:Publication	PMC5555721	infores:organoid-protocol-atlas
PMC:5607351	biolink:Publication	PMC5607351	infores:organoid-protocol-atlas
PMC:5659341	biolink:Publication	PMC5659341	infores:organoid-protocol-atlas
PMC:5664213	biolink:Publication	PMC5664213	infores:organoid-protocol-atlas
PMC:5722201	biolink:Publication	PMC5722201	infores:organoid-protocol-atlas
PMC:5744089	biolink:Publication	PMC5744089	infores:organoid-protocol-atlas
PMC:5760624	biolink:Publication	PMC5760624	infores:organoid-protocol-atlas
PMC:5766831	biolink:Publication	PMC5766831	infores:organoid-protocol-atlas
NCBIGene:116928936	biolink:Gene	LOC116928936	infores:organoid-protocol-atlas
PMC:5768666	biolink:Publication	PMC5768666	infores:organoid-protocol-atlas
PMC:5770275	biolink:Publication	PMC5770275	infores:organoid-protocol-atlas
PMC:5811607	biolink:Publication	PMC5811607	infores:organoid-protocol-atlas
PMC:5813240	biolink:Publication	PMC5813240	infores:organoid-protocol-atlas
CHEBI:73788	biolink:SmallMolecule	Ala-Gln	infores:organoid-protocol-atlas
CHEBI:42334	biolink:SmallMolecule	HEPES	infores:organoid-protocol-atlas
PMC:5918682	biolink:Publication	PMC5918682	infores:organoid-protocol-atlas
PMC:5936694	biolink:Publication	PMC5936694	infores:organoid-protocol-atlas
PMC:5976519	biolink:Publication	PMC5976519	infores:organoid-protocol-atlas
PMC:5992594	biolink:Publication	PMC5992594	infores:organoid-protocol-atlas
NCBIGene:113878983	biolink:Gene	FST	infores:organoid-protocol-atlas
NCBIGene:110256417	biolink:Gene	FSTL1	infores:organoid-protocol-atlas
PMC:5998504	biolink:Publication	PMC5998504	infores:organoid-protocol-atlas
PMC:6027984	biolink:Publication	PMC6027984	infores:organoid-protocol-atlas
PMC:6033897	biolink:Publication	PMC6033897	infores:organoid-protocol-atlas
PMC:6065407	biolink:Publication	PMC6065407	infores:organoid-protocol-atlas
PMC:6082139	biolink:Publication	PMC6082139	infores:organoid-protocol-atlas
CHEBI:49040	biolink:SmallMolecule	Ezetimibe	infores:organoid-protocol-atlas
PMC:6092837	biolink:Publication	PMC6092837	infores:organoid-protocol-atlas
PMC:6104739	biolink:Publication	PMC6104739	infores:organoid-protocol-atlas
PMC:6139148	biolink:Publication	PMC6139148	infores:organoid-protocol-atlas
PMC:6156717	biolink:Publication	PMC6156717	infores:organoid-protocol-atlas
PMC:6177485	biolink:Publication	PMC6177485	infores:organoid-protocol-atlas
PMC:6249681	biolink:Publication	PMC6249681	infores:organoid-protocol-atlas
PMC:6282260	biolink:Publication	PMC6282260	infores:organoid-protocol-atlas
PMC:6296757	biolink:Publication	PMC6296757	infores:organoid-protocol-atlas
PMC:6324774	biolink:Publication	PMC6324774	infores:organoid-protocol-atlas
PMC:6376275	biolink:Publication	PMC6376275	infores:organoid-protocol-atlas
PMC:6392112	biolink:Publication	PMC6392112	infores:organoid-protocol-atlas
Cellosaurus:CVCL_A4SF	biolink:CellLine	WT1	infores:organoid-protocol-atlas
PMC:6393468	biolink:Publication	PMC6393468	infores:organoid-protocol-atlas
PMC:6428276	biolink:Publication	PMC6428276	infores:organoid-protocol-atlas
PMC:6432662	biolink:Publication	PMC6432662	infores:organoid-protocol-atlas
PMC:6488032	biolink:Publication	PMC6488032	infores:organoid-protocol-atlas
PMC:6531049	biolink:Publication	PMC6531049	infores:organoid-protocol-atlas
PMC:6544541	biolink:Publication	PMC6544541	infores:organoid-protocol-atlas
PMC:6588585	biolink:Publication	PMC6588585	infores:organoid-protocol-atlas
PMC:6595382	biolink:Publication	PMC6595382	infores:organoid-protocol-atlas
PMC:6679380	biolink:Publication	PMC6679380	infores:organoid-protocol-atlas
PMC:6704245	biolink:Publication	PMC6704245	infores:organoid-protocol-atlas
NCBIGene:100620481	biolink:Gene	DLL1	infores:organoid-protocol-atlas
PMC:6728380	biolink:Publication	PMC6728380	infores:organoid-protocol-atlas
PMC:6777939	biolink:Publication	PMC6777939	infores:organoid-protocol-atlas
PMC:6853918	biolink:Publication	PMC6853918	infores:organoid-protocol-atlas
PMC:6872443	biolink:Publication	PMC6872443	infores:organoid-protocol-atlas
PMC:6884507	biolink:Publication	PMC6884507	infores:organoid-protocol-atlas
PMC:6906116	biolink:Publication	PMC6906116	infores:organoid-protocol-atlas
PMC:6934989	biolink:Publication	PMC6934989	infores:organoid-protocol-atlas
PMC:7043048	biolink:Publication	PMC7043048	infores:organoid-protocol-atlas
PUBCHEM.COMPOUND:16170068	biolink:SmallMolecule	[Leu15]-Gastrin I (human)	infores:organoid-protocol-atlas
PMC:7062772	biolink:Publication	PMC7062772	infores:organoid-protocol-atlas
PMC:7066173	biolink:Publication	PMC7066173	infores:organoid-protocol-atlas
PMC:7128675	biolink:Publication	PMC7128675	infores:organoid-protocol-atlas
PMC:7200154	biolink:Publication	PMC7200154	infores:organoid-protocol-atlas
NCBIGene:2919	biolink:Gene	CXCL1	infores:organoid-protocol-atlas
PMC:7242740	biolink:Publication	PMC7242740	infores:organoid-protocol-atlas
PMC:7250475	biolink:Publication	PMC7250475	infores:organoid-protocol-atlas
PMC:7284308	biolink:Publication	PMC7284308	infores:organoid-protocol-atlas
PMC:7351772	biolink:Publication	PMC7351772	infores:organoid-protocol-atlas
PMC:7363745	biolink:Publication	PMC7363745	infores:organoid-protocol-atlas
PMC:7429964	biolink:Publication	PMC7429964	infores:organoid-protocol-atlas
PMC:7433012	biolink:Publication	PMC7433012	infores:organoid-protocol-atlas
PMC:7468890	biolink:Publication	PMC7468890	infores:organoid-protocol-atlas
PMC:7471119	biolink:Publication	PMC7471119	infores:organoid-protocol-atlas
NCBIGene:130714777	biolink:Gene	LOC130714777	infores:organoid-protocol-atlas
PMC:7487779	biolink:Publication	PMC7487779	infores:organoid-protocol-atlas
PMC:7505495	biolink:Publication	PMC7505495	infores:organoid-protocol-atlas
PMC:7555542	biolink:Publication	PMC7555542	infores:organoid-protocol-atlas
PMC:7577912	biolink:Publication	PMC7577912	infores:organoid-protocol-atlas
PMC:7603915	biolink:Publication	PMC7603915	infores:organoid-protocol-atlas
PMC:7643931	biolink:Publication	PMC7643931	infores:organoid-protocol-atlas
PMC:7672322	biolink:Publication	PMC7672322	infores:organoid-protocol-atlas
PMC:7718297	biolink:Publication	PMC7718297	infores:organoid-protocol-atlas
PMC:7757566	biolink:Publication	PMC7757566	infores:organoid-protocol-atlas
PMC:7774906	biolink:Publication	PMC7774906	infores:organoid-protocol-atlas
PMC:7846910	biolink:Publication	PMC7846910	infores:organoid-protocol-atlas
UNII:QMS40680K6	biolink:ChemicalEntity	Palifermin	infores:organoid-protocol-atlas
PMC:7852679	biolink:Publication	PMC7852679	infores:organoid-protocol-atlas
NCBIGene:192199	biolink:Gene	Rspo1	infores:organoid-protocol-atlas
PMC:7855371	biolink:Publication	PMC7855371	infores:organoid-protocol-atlas
PMC:7901645	biolink:Publication	PMC7901645	infores:organoid-protocol-atlas
PMC:7922036	biolink:Publication	PMC7922036	infores:organoid-protocol-atlas
CHEBI:17026	biolink:SmallMolecule	Progesterone	infores:organoid-protocol-atlas
PMC:7951181	biolink:Publication	PMC7951181	infores:organoid-protocol-atlas
PMC:8097043	biolink:Publication	PMC8097043	infores:organoid-protocol-atlas
NCBIGene:100152163	biolink:Gene	DLL4	infores:organoid-protocol-atlas
NCBIGene:11731	biolink:Gene	Ang2	infores:organoid-protocol-atlas
NCBIGene:100174959	biolink:Gene	KLF2	infores:organoid-protocol-atlas
PMC:8169890	biolink:Publication	PMC8169890	infores:organoid-protocol-atlas
PMC:8206157	biolink:Publication	PMC8206157	infores:organoid-protocol-atlas
PMC:8273765	biolink:Publication	PMC8273765	infores:organoid-protocol-atlas
PMC:8384419	biolink:Publication	PMC8384419	infores:organoid-protocol-atlas
PMC:8390749	biolink:Publication	PMC8390749	infores:organoid-protocol-atlas
PMC:8393185	biolink:Publication	PMC8393185	infores:organoid-protocol-atlas
PMC:8420044	biolink:Publication	PMC8420044	infores:organoid-protocol-atlas
PMC:8433138	biolink:Publication	PMC8433138	infores:organoid-protocol-atlas
PMC:8516798	biolink:Publication	PMC8516798	infores:organoid-protocol-atlas
UNII:TD4NBA239W	biolink:ChemicalEntity	DORSOMORPHIN DIHYDROCHLORIDE	infores:organoid-protocol-atlas
PMC:8664924	biolink:Publication	PMC8664924	infores:organoid-protocol-atlas
PMC:8675211	biolink:Publication	PMC8675211	infores:organoid-protocol-atlas
PMC:8844474	biolink:Publication	PMC8844474	infores:organoid-protocol-atlas
PMC:8948571	biolink:Publication	PMC8948571	infores:organoid-protocol-atlas
PMC:9023604	biolink:Publication	PMC9023604	infores:organoid-protocol-atlas
PMC:9103066	biolink:Publication	PMC9103066	infores:organoid-protocol-atlas
PMC:9127490	biolink:Publication	PMC9127490	infores:organoid-protocol-atlas
PMC:9130892	biolink:Publication	PMC9130892	infores:organoid-protocol-atlas
PMC:9261984	biolink:Publication	PMC9261984	infores:organoid-protocol-atlas
PMC:9287064	biolink:Publication	PMC9287064	infores:organoid-protocol-atlas
PMC:9469666	biolink:Publication	PMC9469666	infores:organoid-protocol-atlas
PMC:9715615	biolink:Publication	PMC9715615	infores:organoid-protocol-atlas
PMC:9773542	biolink:Publication	PMC9773542	infores:organoid-protocol-atlas
CHEBI:9574	biolink:ChemicalEntity	Thrombin	infores:organoid-protocol-atlas
PR:000006003	biolink:Protein	cardiotrophin-1	infores:organoid-protocol-atlas
NCBIGene:403424	biolink:Gene	EDN1	infores:organoid-protocol-atlas
PMC:9959977	biolink:Publication	PMC9959977	infores:organoid-protocol-atlas
